,points,points,points,average,average,average,games,games,games,price,price,price
season,2020-2021,2019-2020,2018-2019,2020-2021,2019-2020,2018-2019,2020-2021,2019-2020,2018-2019,2020-2021,2019-2020,2018-2019
name,,,,,,,,,,,,
Aaron Gordon,1698.0,2681.5,3416.0,34.0,43.2,43.8,50.0,62.0,78.0,42.0,23.0,0.0
Aaron Holiday,1112.5,1685.5,714.5,16.9,25.5,14.3,66.0,66.0,50.0,0.0,0.0,0.0
Aaron Nesmith,546.5,0.0,0.0,11.9,0.0,0.0,46.0,0.0,0.0,0.0,0.0,0.0
Abdel Nader,375.5,757.5,558.5,15.6,13.8,9.2,24.0,55.0,61.0,0.0,0.0,0.0
Admiral Schofield,0.0,241.0,0.0,0.0,7.3,0.0,0.0,33.0,0.0,0.0,0.0,0.0
Al Horford,1140.0,2643.5,3088.5,40.7,39.5,45.4,28.0,67.0,68.0,7.0,7.0,0.0
Al-Farouq Aminu,385.5,310.5,2339.0,16.8,17.2,28.9,23.0,18.0,81.0,0.0,0.0,0.0
Alec Burks,1461.5,2261.5,1427.0,29.8,34.3,22.3,49.0,66.0,64.0,0.0,0.0,0.0
Aleksej Pokusevski,959.0,0.0,0.0,21.3,0.0,0.0,45.0,0.0,0.0,0.0,0.0,0.0
Alex Caruso,1209.5,1091.5,660.0,20.9,17.1,26.4,58.0,64.0,25.0,0.0,0.0,0.0
Alex Len,1327.0,1419.5,2261.0,20.7,25.8,29.4,64.0,55.0,77.0,0.0,1.0,0.0
Alize Johnson,334.0,140.5,54.0,18.6,8.3,3.9,18.0,17.0,14.0,0.0,0.0,0.0
Amir Coffey,302.0,139.0,0.0,6.9,7.7,0.0,44.0,18.0,0.0,0.0,0.0,0.0
Andre Drummond,2350.5,3723.0,5226.5,51.1,65.3,66.2,46.0,57.0,79.0,162.0,113.0,0.0
Andre Iguodala,1137.0,420.5,1668.5,18.0,20.0,24.5,63.0,21.0,68.0,0.0,0.0,0.0
Andrew Wiggins,2983.5,2583.5,2825.5,42.0,47.8,38.7,71.0,54.0,73.0,42.0,32.0,0.0
Anfernee Simons,1070.5,1194.0,130.5,16.7,17.1,6.5,64.0,70.0,20.0,0.0,0.0,0.0
Anthony Davis,2087.5,4398.5,4467.0,58.0,70.9,79.8,36.0,62.0,56.0,195.0,176.0,0.0
Anthony Edwards,2890.5,0.0,0.0,40.1,0.0,0.0,72.0,0.0,0.0,3.0,0.0,0.0
Anthony Gill,238.0,0.0,0.0,9.2,0.0,0.0,26.0,0.0,0.0,0.0,0.0,0.0
Anthony Lamb,327.0,0.0,0.0,13.6,0.0,0.0,24.0,0.0,0.0,0.0,0.0,0.0
Armoni Brooks,460.5,0.0,0.0,23.0,0.0,0.0,20.0,0.0,0.0,0.0,0.0,0.0
Austin Rivers,703.5,1370.5,1492.5,19.5,20.2,19.6,36.0,68.0,76.0,0.0,0.0,0.0
Avery Bradley,418.0,933.0,1448.5,15.5,19.0,23.0,27.0,49.0,63.0,1.0,0.0,0.0
Bam Adebayo,3895.0,4171.0,2659.0,60.9,57.9,32.4,64.0,72.0,82.0,128.0,23.0,0.0
Ben McLemore,745.0,1420.5,150.0,14.1,20.0,7.9,53.0,71.0,19.0,0.0,0.0,0.0
Ben Simmons,2975.0,3552.5,4923.0,51.3,62.3,62.3,58.0,57.0,79.0,138.0,105.0,0.0
Blake Griffin,1340.5,579.5,4232.0,29.1,32.2,56.4,46.0,18.0,75.0,20.0,51.0,0.0
Boban Marjanovic,464.5,814.5,1230.5,14.1,18.5,21.2,33.0,44.0,58.0,0.0,0.0,0.0
Bobby Portis,2166.5,1670.0,1868.5,32.8,25.3,37.4,66.0,66.0,50.0,0.0,0.0,0.0
Bogdan Bogdanovic,1680.5,2087.0,2351.0,38.2,34.2,33.6,44.0,61.0,70.0,21.0,1.0,0.0
Bojan Bogdanovic,2270.5,2247.5,2830.5,31.5,35.7,34.9,72.0,63.0,81.0,16.0,7.0,0.0
Bol Bol,158.5,107.5,0.0,5.0,15.4,0.0,32.0,7.0,0.0,0.0,0.0,0.0
Bradley Beal,3692.5,3605.0,4873.0,61.5,63.2,59.4,60.0,57.0,82.0,101.0,132.0,0.0
Brandon Clarke,1898.0,1931.5,0.0,32.2,33.3,0.0,59.0,58.0,0.0,4.0,0.0,0.0
Brandon Ingram,3148.5,3230.5,2022.5,51.6,52.1,38.9,61.0,62.0,52.0,75.0,7.0,0.0
Brian Bowen II,6.0,16.0,0.0,1.0,2.7,0.0,6.0,6.0,0.0,0.0,0.0,0.0
Brodric Thomas,328.5,0.0,0.0,10.3,0.0,0.0,32.0,0.0,0.0,0.0,0.0,0.0
Brook Lopez,2244.0,2410.5,2795.0,32.1,35.4,34.5,70.0,68.0,81.0,7.0,18.0,0.0
Bruce Brown,1813.0,1774.5,1049.0,27.9,30.6,14.2,65.0,58.0,74.0,0.0,0.0,0.0
Bruno Fernando,169.0,774.5,0.0,5.1,13.8,0.0,33.0,56.0,0.0,0.0,0.0,0.0
Bryn Forbes,1247.0,1355.0,2076.5,17.8,21.5,25.3,70.0,63.0,82.0,0.0,0.0,0.0
Buddy Hield,2659.0,2774.0,3501.5,37.5,38.5,42.7,71.0,72.0,82.0,53.0,50.0,0.0
CJ Elleby,170.0,0.0,0.0,5.7,0.0,0.0,30.0,0.0,0.0,0.0,0.0,0.0
CJ McCollum,2418.5,3416.5,3026.0,51.5,48.8,43.2,47.0,70.0,70.0,42.0,36.0,0.0
Caleb Martin,763.5,300.5,0.0,14.4,16.7,0.0,53.0,18.0,0.0,0.0,0.0,0.0
Cam Reddish,645.5,1371.0,0.0,24.8,23.6,0.0,26.0,58.0,0.0,7.0,0.0,0.0
Cameron Johnson,1308.0,1246.5,0.0,21.8,21.9,0.0,60.0,57.0,0.0,0.0,0.0,0.0
Cameron Oliver,127.5,0.0,0.0,31.9,0.0,0.0,4.0,0.0,0.0,0.0,0.0,0.0
Cameron Payne,1502.5,234.5,718.5,25.0,29.3,18.0,60.0,8.0,40.0,0.0,0.0,0.0
Caris LeVert,2345.5,1878.0,1358.0,49.9,41.7,34.0,47.0,45.0,40.0,20.0,13.0,0.0
Carmelo Anthony,1960.5,2005.5,274.5,28.4,34.6,27.4,69.0,58.0,10.0,4.0,0.0,0.0
Cassius Stanley,80.5,0.0,0.0,3.4,0.0,0.0,24.0,0.0,0.0,0.0,0.0,0.0
Cassius Winston,97.0,0.0,0.0,4.4,0.0,0.0,22.0,0.0,0.0,0.0,0.0,0.0
Cedi Osman,1502.0,1704.5,2263.0,25.5,26.2,29.8,59.0,65.0,76.0,1.0,0.0,0.0
Chandler Hutchison,285.5,542.5,670.5,11.4,19.4,15.2,25.0,28.0,44.0,0.0,0.0,0.0
Chasson Randle,614.5,24.5,677.5,15.0,8.2,13.8,41.0,3.0,49.0,0.0,0.0,0.0
Chimezie Metu,598.0,170.5,137.0,16.6,9.5,4.7,36.0,18.0,29.0,0.0,0.0,0.0
Chris Boucher,2442.5,1327.5,315.0,40.7,21.4,11.2,60.0,62.0,28.0,1.0,0.0,0.0
Chris Chiozza,321.5,483.5,26.5,14.6,17.3,3.8,22.0,28.0,7.0,0.0,0.0,0.0
Chris Paul,3903.0,3494.5,3020.0,55.8,49.9,52.1,70.0,70.0,58.0,52.0,89.0,0.0
Chris Silva,104.5,488.5,0.0,7.0,11.1,0.0,15.0,44.0,0.0,0.0,0.0,0.0
Christian Wood,2209.0,2116.0,416.0,53.9,34.1,19.8,41.0,62.0,21.0,80.0,0.0,0.0
Chuma Okeke,1101.5,0.0,0.0,24.5,0.0,0.0,45.0,0.0,0.0,0.0,0.0,0.0
Clint Capela,3765.5,2196.0,3919.5,59.8,56.3,58.5,63.0,39.0,67.0,45.0,78.0,0.0
Coby White,2458.5,1784.5,0.0,35.6,27.5,0.0,69.0,65.0,0.0,19.0,1.0,0.0
Cody Martin,794.5,809.0,0.0,15.3,16.9,0.0,52.0,48.0,0.0,0.0,0.0,0.0
Cody Zeller,1457.5,1887.5,1635.0,30.4,32.5,33.4,48.0,58.0,49.0,2.0,0.0,0.0
Cole Anthony,1500.5,0.0,0.0,31.9,0.0,0.0,47.0,0.0,0.0,0.0,0.0,0.0
Collin Sexton,2895.0,2594.5,2629.5,48.2,39.9,32.1,60.0,65.0,82.0,22.0,1.0,0.0
Cory Joseph,1577.0,1566.0,2061.0,25.0,21.8,25.1,63.0,72.0,82.0,0.0,0.0,0.0
D'Angelo Russell,1876.5,2257.5,4152.0,44.7,50.2,51.3,42.0,45.0,81.0,61.0,63.0,0.0
D.J. Augustin,1132.5,1544.5,2628.0,19.9,27.1,32.4,57.0,57.0,81.0,0.0,0.0,0.0
D.J. Wilson,493.5,321.0,857.5,14.1,8.7,17.9,35.0,37.0,48.0,0.0,0.0,0.0
Damian Jones,620.0,1027.0,484.5,15.9,18.7,20.2,39.0,55.0,24.0,0.0,0.0,0.0
Damian Lillard,4318.0,4572.5,4830.5,64.4,69.3,60.4,67.0,66.0,80.0,164.0,128.0,0.0
Damion Lee,999.0,1520.0,342.5,17.5,31.0,10.7,57.0,49.0,32.0,0.0,0.0,0.0
Daniel Gafford,1307.0,758.5,0.0,24.2,17.6,0.0,54.0,43.0,0.0,0.0,0.0,0.0
Daniel Oturu,200.0,0.0,0.0,6.7,0.0,0.0,30.0,0.0,0.0,0.0,0.0,0.0
Daniel Theis,1912.5,2152.5,1213.5,29.4,33.1,18.4,65.0,65.0,66.0,3.0,0.0,0.0
Danilo Gallinari,1434.0,2309.5,2968.5,28.1,37.2,43.7,51.0,62.0,68.0,15.0,15.0,0.0
Danny Green,1873.5,1490.0,2169.5,27.2,21.9,27.1,69.0,68.0,80.0,2.0,1.0,0.0
Dante Exum,85.0,411.0,717.5,14.2,11.7,17.1,6.0,35.0,42.0,0.0,0.0,0.0
Danuel House Jr.,786.0,1682.0,820.5,21.8,26.7,21.0,36.0,63.0,39.0,0.0,0.0,0.0
Dario Saric,1000.0,1902.0,2098.0,20.0,28.8,25.9,50.0,66.0,81.0,1.0,0.0,0.0
Darius Bazley,1720.0,980.0,0.0,31.3,16.1,0.0,55.0,61.0,0.0,1.0,0.0,0.0
Darius Garland,2263.0,1535.5,0.0,41.9,26.0,0.0,54.0,59.0,0.0,1.0,0.0,0.0
David Nwaba,771.5,289.0,926.0,25.7,14.4,18.2,30.0,20.0,51.0,0.0,0.0,0.0
Davis Bertans,1277.5,1811.0,1547.0,22.4,33.5,20.4,57.0,54.0,76.0,13.0,0.0,0.0
Davon Reed,0.0,0.0,33.5,0.0,0.0,3.4,0.0,0.0,10.0,0.0,0.0,0.0
De'Aaron Fox,3459.5,2707.0,4082.5,59.6,53.1,50.4,58.0,51.0,81.0,76.0,52.0,0.0
De'Andre Hunter,783.5,1682.5,0.0,34.1,26.7,0.0,23.0,63.0,0.0,3.0,0.0,0.0
De'Anthony Melton,1363.0,1442.5,1027.5,26.2,24.0,20.6,52.0,60.0,50.0,0.0,0.0,0.0
DeAndre Jordan,1658.5,1934.0,3210.0,29.1,34.5,46.5,57.0,56.0,69.0,4.0,19.0,0.0
DeAndre' Bembry,955.0,864.5,2078.5,18.7,20.1,25.3,51.0,43.0,82.0,0.0,0.0,0.0
DeMar DeRozan,3398.5,3646.0,4211.5,55.7,53.6,54.7,61.0,68.0,77.0,71.0,48.0,0.0
Dean Wade,1086.5,75.0,0.0,17.2,6.2,0.0,63.0,12.0,0.0,0.0,0.0,0.0
Deandre Ayton,3329.5,2189.5,3640.0,48.3,57.6,51.3,69.0,38.0,71.0,102.0,65.0,0.0
Dejounte Murray,3185.5,2370.0,0.0,47.5,35.9,0.0,67.0,66.0,0.0,17.0,1.0,0.0
Delon Wright,2230.0,1879.5,2147.0,35.4,25.7,28.6,63.0,73.0,75.0,1.0,0.0,0.0
Deni Avdija,999.5,0.0,0.0,18.5,0.0,0.0,54.0,0.0,0.0,0.0,0.0,0.0
Dennis Schroder,2424.5,2526.5,2721.0,39.7,38.9,34.4,61.0,65.0,79.0,7.0,0.0,0.0
Dennis Smith Jr.,555.5,567.0,1790.5,24.2,16.7,33.8,23.0,34.0,53.0,0.0,0.0,0.0
Denzel Valentine,1032.0,564.5,0.0,16.6,15.7,0.0,62.0,36.0,0.0,0.0,0.0,0.0
Derrick Favors,1505.5,1920.5,2903.5,22.1,37.7,38.2,68.0,51.0,76.0,7.0,21.0,0.0
Derrick Jones Jr.,1210.5,1436.5,1238.0,20.9,24.3,20.6,58.0,59.0,60.0,0.0,0.0,0.0
Derrick Rose,1809.0,2126.0,2041.5,36.2,42.5,40.0,50.0,50.0,51.0,14.0,0.0,0.0
Derrick Walton Jr.,0.0,171.5,0.0,0.0,6.6,0.0,0.0,26.0,0.0,0.0,0.0,0.0
Derrick White,1312.5,2130.5,2080.5,36.5,31.3,31.1,36.0,68.0,67.0,5.0,1.0,0.0
Desmond Bane,1504.0,0.0,0.0,22.1,0.0,0.0,68.0,0.0,0.0,0.0,0.0,0.0
Devin Booker,3318.5,3968.5,3604.5,49.5,56.7,56.3,67.0,70.0,64.0,137.0,75.0,0.0
Devin Vassell,951.0,0.0,0.0,15.3,0.0,0.0,62.0,0.0,0.0,0.0,0.0,0.0
Devon Dotson,69.0,0.0,0.0,6.3,0.0,0.0,11.0,0.0,0.0,0.0,0.0,0.0
Devontae Cacok,125.5,18.5,0.0,6.3,18.5,0.0,20.0,1.0,0.0,0.0,0.0,0.0
Devonte' Graham,2007.0,2994.0,652.0,36.5,47.5,14.2,55.0,63.0,46.0,31.0,0.0,0.0
Dewayne Dedmon,357.0,843.0,2242.5,22.3,19.2,35.0,16.0,44.0,64.0,0.0,0.0,0.0
Didi Louzada,18.0,0.0,0.0,6.0,0.0,0.0,3.0,0.0,0.0,0.0,0.0,0.0
Dillon Brooks,2308.5,2329.5,269.5,34.5,31.9,15.0,67.0,73.0,18.0,2.0,0.0,0.0
Domantas Sabonis,4282.5,3893.0,3236.5,69.1,62.8,43.7,62.0,62.0,74.0,95.0,47.0,0.0
Donovan Mitchell,2876.5,3328.0,3725.5,54.3,48.2,48.4,53.0,69.0,77.0,115.0,33.0,0.0
Donte DiVincenzo,2044.0,1774.0,347.0,31.0,26.9,12.9,66.0,66.0,27.0,1.0,0.0,0.0
Dorian Finney-Smith,1684.0,1984.5,1810.5,28.1,28.0,22.4,60.0,71.0,81.0,0.0,0.0,0.0
Doug McDermott,1800.5,1401.5,1112.0,27.3,20.3,14.4,66.0,69.0,77.0,0.0,0.0,0.0
Draymond Green,2883.0,1611.0,2639.5,45.8,37.5,40.0,63.0,43.0,66.0,49.0,45.0,0.0
Drew Eubanks,1076.5,359.0,130.0,19.9,16.3,5.7,54.0,22.0,23.0,0.0,0.0,0.0
Duncan Robinson,1938.0,1966.5,102.0,26.9,26.9,6.8,72.0,73.0,15.0,6.0,0.0,0.0
Dwayne Bacon,1601.5,523.5,690.5,22.2,13.4,16.1,72.0,39.0,43.0,0.0,0.0,0.0
Dwight Howard,1856.5,1910.0,323.5,26.9,27.7,35.9,69.0,69.0,9.0,1.0,2.0,0.0
Dwight Powell,1146.5,1145.0,2305.0,19.8,28.6,29.9,58.0,40.0,77.0,0.0,0.0,0.0
Dylan Windler,478.5,0.0,0.0,15.4,0.0,0.0,31.0,0.0,0.0,0.0,0.0,0.0
E'Twaun Moore,364.5,1056.0,1371.5,13.5,18.9,25.9,27.0,56.0,53.0,0.0,0.0,0.0
Edmond Sumner,860.5,430.5,172.0,16.2,13.9,7.5,53.0,31.0,23.0,0.0,0.0,0.0
Elfrid Payton,1637.0,1835.0,1818.0,26.0,40.8,43.3,63.0,45.0,42.0,3.0,1.0,0.0
Elijah Bryant,33.5,0.0,0.0,33.5,0.0,0.0,1.0,0.0,0.0,0.0,0.0,0.0
Elijah Hughes,57.5,0.0,0.0,3.2,0.0,0.0,18.0,0.0,0.0,0.0,0.0,0.0
Emanuel Terry,0.0,0.0,34.5,0.0,0.0,11.5,0.0,0.0,3.0,0.0,0.0,0.0
Enes Kanter,3012.0,1653.5,2868.0,41.8,28.5,42.8,72.0,58.0,67.0,1.0,2.0,0.0
Eric Bledsoe,2174.5,2437.0,3495.0,30.6,40.0,44.8,71.0,61.0,78.0,21.0,7.0,0.0
Eric Gordon,886.5,901.5,2007.5,32.8,25.0,29.5,27.0,36.0,68.0,3.0,1.0,0.0
Eric Paschall,809.5,1876.5,0.0,20.2,31.3,0.0,40.0,60.0,0.0,0.0,0.0,0.0
Evan Fournier,1585.0,2471.5,2680.5,37.7,37.4,33.1,42.0,66.0,81.0,14.0,0.0,0.0
Facundo Campazzo,1412.0,0.0,0.0,21.7,0.0,0.0,65.0,0.0,0.0,1.0,0.0,0.0
Frank Jackson,723.5,717.0,990.5,18.1,12.2,16.2,40.0,59.0,61.0,0.0,0.0,0.0
Frank Kaminsky,942.0,932.5,944.5,20.0,23.9,20.1,47.0,39.0,47.0,0.0,0.0,0.0
Frank Ntilikina,249.5,1139.5,730.5,7.6,20.0,17.0,33.0,57.0,43.0,0.0,0.0,0.0
Fred VanVleet,2697.5,2624.0,2005.0,51.9,48.6,31.3,52.0,54.0,64.0,41.0,0.0,0.0
Freddie Gillespie,420.0,0.0,0.0,21.0,0.0,0.0,20.0,0.0,0.0,0.0,0.0,0.0
Furkan Korkmaz,1091.0,1421.5,663.0,19.8,19.7,13.8,55.0,72.0,48.0,0.0,0.0,0.0
Gabe Vincent,551.0,48.0,0.0,11.0,5.3,0.0,50.0,9.0,0.0,0.0,0.0,0.0
Gabriel Deck,245.0,0.0,0.0,24.5,0.0,0.0,10.0,0.0,0.0,0.0,0.0,0.0
Garrett Temple,1196.0,1611.5,1502.0,21.4,26.0,20.0,56.0,62.0,75.0,0.0,0.0,0.0
Garrison Mathews,744.0,204.5,0.0,11.6,11.4,0.0,64.0,18.0,0.0,0.0,0.0,0.0
Gary Harris,867.0,1434.5,1627.0,22.2,25.6,28.5,39.0,56.0,57.0,0.0,0.0,0.0
Gary Payton II,76.0,470.5,41.5,7.6,16.2,13.8,10.0,29.0,3.0,0.0,0.0,0.0
Gary Trent Jr.,1699.5,1204.5,71.0,29.3,19.7,4.7,58.0,61.0,15.0,0.0,0.0,0.0
George Hill,660.5,1546.0,1243.5,22.0,26.2,20.7,30.0,59.0,60.0,0.0,0.0,0.0
George King,0.0,0.0,1.0,0.0,0.0,1.0,0.0,0.0,1.0,0.0,0.0,0.0
Georges Niang,1068.5,809.5,530.0,14.8,12.3,9.0,72.0,66.0,59.0,0.0,0.0,0.0
Giannis Antetokounmpo,4751.0,5146.5,5833.0,77.9,81.7,81.0,61.0,63.0,72.0,209.0,198.0,0.0
Goga Bitadze,840.5,556.0,0.0,18.7,10.3,0.0,45.0,54.0,0.0,0.0,0.0,0.0
Goran Dragic,1575.5,2184.5,1251.5,31.5,37.0,34.8,50.0,59.0,36.0,7.0,0.0,0.0
Gordon Hayward,2042.0,2350.0,2233.0,46.4,45.2,31.0,44.0,52.0,72.0,30.0,10.0,0.0
Gorgui Dieng,759.0,1633.0,1496.0,20.0,25.9,19.7,38.0,63.0,76.0,0.0,0.0,0.0
Grant Riller,38.5,0.0,0.0,5.5,0.0,0.0,7.0,0.0,0.0,0.0,0.0,0.0
Grant Williams,864.5,846.5,0.0,13.7,12.3,0.0,63.0,69.0,0.0,0.0,0.0,0.0
Grayson Allen,1251.0,665.0,334.0,25.0,17.5,8.8,50.0,38.0,38.0,0.0,0.0,0.0
Hamidou Diallo,1566.5,812.0,492.5,30.1,17.7,9.7,52.0,46.0,51.0,0.0,0.0,0.0
Harrison Barnes,2348.0,2349.5,2495.5,40.5,32.6,32.4,58.0,72.0,77.0,3.0,6.0,0.0
Harry Giles III,419.0,932.0,1129.0,11.0,20.3,19.5,38.0,46.0,58.0,0.0,0.0,0.0
Hassan Whiteside,931.0,4098.0,3367.5,25.9,61.2,46.8,36.0,67.0,72.0,64.0,4.0,0.0
Ignas Brazdeikis,223.5,33.5,0.0,17.2,3.7,0.0,13.0,9.0,0.0,0.0,0.0,0.0
Immanuel Quickley,1494.0,0.0,0.0,23.3,0.0,0.0,64.0,0.0,0.0,0.0,0.0,0.0
Isaac Bonga,261.0,1067.5,112.5,6.5,16.2,5.1,40.0,66.0,22.0,0.0,0.0,0.0
Isaac Okoro,1572.0,0.0,0.0,23.5,0.0,0.0,67.0,0.0,0.0,0.0,0.0,0.0
Isaiah Hartenstein,867.5,391.0,225.0,18.9,17.0,8.0,46.0,23.0,28.0,0.0,0.0,0.0
Isaiah Joe,316.0,0.0,0.0,7.7,0.0,0.0,41.0,0.0,0.0,0.0,0.0,0.0
Isaiah Roby,1560.0,-0.5,0.0,25.6,-0.2,0.0,61.0,3.0,0.0,0.0,0.0,0.0
Isaiah Stewart,1969.0,0.0,0.0,29.0,0.0,0.0,68.0,0.0,0.0,0.0,0.0,0.0
Ish Smith,1077.5,2240.0,1362.5,24.5,32.9,24.3,44.0,68.0,56.0,0.0,0.0,0.0
Ivica Zubac,2237.0,2150.5,1618.0,31.1,29.9,27.4,72.0,72.0,59.0,2.0,0.0,0.0
Ja Morant,3100.0,3210.0,0.0,49.2,47.9,0.0,63.0,67.0,0.0,54.0,5.0,0.0
JaMychal Green,1231.5,1319.5,1676.0,21.2,20.9,25.8,58.0,63.0,65.0,0.0,0.0,0.0
JaVale McGee,1066.5,1698.0,2940.0,23.2,25.0,39.2,46.0,68.0,75.0,11.0,2.0,0.0
Jabari Parker,188.0,1299.5,2242.5,14.5,34.2,35.0,13.0,38.0,64.0,1.0,2.0,0.0
Jaden McDaniels,1297.5,0.0,0.0,20.6,0.0,0.0,63.0,0.0,0.0,0.0,0.0,0.0
Jae Crowder,1580.0,1967.0,2183.0,26.3,30.3,27.3,60.0,65.0,80.0,1.0,0.0,0.0
Jae'Sean Tate,2318.5,0.0,0.0,33.1,0.0,0.0,70.0,0.0,0.0,0.0,0.0,0.0
Jahlil Okafor,341.0,693.5,1361.5,12.6,23.1,23.1,27.0,30.0,59.0,0.0,0.0,0.0
Jahmi'us Ramsey,88.5,0.0,0.0,6.8,0.0,0.0,13.0,0.0,0.0,0.0,0.0,0.0
Jake Layman,585.0,445.0,1310.0,13.0,19.3,18.5,45.0,23.0,71.0,0.0,0.0,0.0
Jakob Poeltl,2627.0,1787.0,1748.5,38.1,27.1,22.7,69.0,66.0,77.0,0.0,0.0,0.0
Jalen Brunson,2080.0,1258.0,1704.5,30.6,22.1,23.3,68.0,57.0,73.0,0.0,0.0,0.0
Jalen McDaniels,919.5,253.5,0.0,19.6,15.8,0.0,47.0,16.0,0.0,0.0,0.0,0.0
Jalen Smith,140.0,0.0,0.0,5.2,0.0,0.0,27.0,0.0,0.0,0.0,0.0,0.0
Jamal Murray,2316.5,2572.5,3227.5,48.3,43.6,43.0,48.0,59.0,75.0,89.0,11.0,0.0
James Harden,3478.5,5296.0,6318.5,79.1,77.9,81.0,44.0,68.0,78.0,192.0,187.0,0.0
James Johnson,1128.0,814.5,1182.5,22.1,25.5,21.5,51.0,32.0,55.0,0.0,0.0,0.0
James Wiseman,1089.0,0.0,0.0,27.9,0.0,0.0,39.0,0.0,0.0,3.0,0.0,0.0
Jared Harper,0.0,1.0,0.0,0.0,0.3,0.0,8.0,3.0,0.0,0.0,0.0,0.0
Jaren Jackson Jr.,398.0,2231.0,1970.5,36.2,39.1,34.0,11.0,57.0,58.0,14.0,36.0,0.0
Jarred Vanderbilt,1493.0,34.5,76.5,23.3,3.1,4.5,64.0,11.0,17.0,0.0,0.0,0.0
Jarrett Allen,2817.5,2975.5,3084.5,44.7,42.5,38.6,63.0,70.0,80.0,23.0,4.0,0.0
Jarrett Culver,471.0,1457.5,0.0,13.9,23.1,0.0,34.0,63.0,0.0,0.0,0.0,0.0
Javonte Green,420.5,470.0,0.0,10.3,9.8,0.0,41.0,48.0,0.0,0.0,0.0,0.0
Jaxson Hayes,1279.5,1436.0,0.0,21.3,22.4,0.0,60.0,64.0,0.0,0.0,0.0,0.0
Jay Scrubb,62.5,0.0,0.0,15.6,0.0,0.0,4.0,0.0,0.0,0.0,0.0,0.0
Jaylen Brown,3089.0,2474.5,2125.5,53.3,43.4,28.7,58.0,57.0,74.0,52.0,0.0,0.0
Jaylen Nowell,840.0,138.0,0.0,20.0,9.2,0.0,42.0,15.0,0.0,0.0,0.0,0.0
Jayson Tatum,3785.0,3505.5,3039.5,59.1,53.1,38.5,64.0,66.0,79.0,124.0,50.0,0.0
Jeff Green,1756.0,980.0,2152.5,25.8,20.4,28.0,68.0,48.0,77.0,0.0,0.0,0.0
Jerami Grant,2479.5,1988.0,2768.5,45.9,28.0,34.6,54.0,71.0,80.0,9.0,0.0,0.0
Jeremy Lamb,951.0,1444.0,2920.0,26.4,31.4,37.0,36.0,46.0,79.0,0.0,2.0,0.0
Jevon Carter,720.0,900.0,510.0,12.0,15.5,13.1,60.0,58.0,39.0,0.0,0.0,0.0
Jimmy Butler,3381.0,3317.5,3218.0,65.0,57.2,49.5,52.0,58.0,65.0,111.0,85.0,0.0
Joe Harris,2132.5,2147.5,2275.5,30.9,31.1,29.9,69.0,69.0,76.0,2.0,1.0,0.0
Joe Ingles,2215.5,2207.0,2974.0,33.1,30.7,36.3,67.0,72.0,82.0,3.0,2.0,0.0
Joel Embiid,3563.0,3229.5,4896.0,69.9,63.3,76.5,51.0,51.0,64.0,155.0,170.0,0.0
John Collins,2798.0,2457.5,3194.5,44.4,59.9,52.4,63.0,41.0,61.0,112.0,68.0,0.0
John Konchar,637.0,225.0,0.0,14.8,11.8,0.0,43.0,19.0,0.0,0.0,0.0,0.0
John Wall,1974.0,0.0,1853.0,49.4,0.0,57.9,40.0,0.0,32.0,56.0,0.0,0.0
Jonas Valanciunas,3557.0,3457.5,2096.5,57.4,49.4,42.8,62.0,70.0,49.0,56.0,3.0,0.0
Jonathan Isaac,0.0,1404.5,2136.0,0.0,41.3,28.5,0.0,34.0,75.0,0.0,5.0,0.0
Jordan Bell,86.5,291.0,937.5,14.4,10.0,13.8,6.0,29.0,68.0,0.0,0.0,0.0
Jordan Clarkson,2431.0,2094.5,2696.5,35.8,29.5,33.3,68.0,71.0,81.0,5.0,0.0,0.0
Jordan McLaughlin,1033.0,770.5,0.0,20.3,25.7,0.0,51.0,30.0,0.0,0.0,0.0,0.0
Jordan Nwora,386.5,0.0,0.0,12.9,0.0,0.0,30.0,0.0,0.0,0.0,0.0,0.0
Jordan Poole,1204.5,1059.0,0.0,23.6,18.6,0.0,51.0,57.0,0.0,0.0,0.0,0.0
Josh Green,335.5,0.0,0.0,8.6,0.0,0.0,39.0,0.0,0.0,0.0,0.0,0.0
Josh Hart,1423.0,1859.0,1478.5,30.3,28.6,22.1,47.0,65.0,67.0,0.0,0.0,0.0
Josh Jackson,1855.0,465.5,2207.5,29.9,21.2,27.9,62.0,22.0,79.0,0.0,0.0,0.0
Josh Okogie,976.0,1451.5,1494.0,16.5,23.4,20.2,59.0,62.0,74.0,0.0,0.0,0.0
Josh Richardson,1727.0,1746.5,2860.5,29.3,31.8,39.2,59.0,55.0,73.0,4.0,3.0,0.0
Jrue Holiday,3042.0,3249.0,4009.5,51.6,53.3,59.8,59.0,61.0,67.0,78.0,79.0,0.0
Juan Toscano-Anderson,1198.5,249.5,0.0,22.6,19.2,0.0,53.0,13.0,0.0,0.0,0.0,0.0
Juancho Hernangomez,864.0,783.5,1168.0,16.6,16.3,16.7,52.0,48.0,70.0,0.0,0.0,0.0
Julius Randle,4562.0,3156.5,3886.5,64.3,49.3,53.2,71.0,64.0,73.0,39.0,51.0,0.0
Justin Holiday,1880.5,1690.5,2184.0,26.1,23.2,26.6,72.0,73.0,82.0,0.0,0.0,0.0
Justin Robinson,59.5,40.5,0.0,6.6,4.5,0.0,9.0,9.0,0.0,0.0,0.0,0.0
Justise Winslow,501.5,361.5,2328.0,19.3,32.9,35.3,26.0,11.0,66.0,0.0,1.0,0.0
Jusuf Nurkic,1600.5,480.0,3874.0,43.3,60.0,53.8,37.0,8.0,72.0,42.0,0.0,0.0
Juwan Morgan,114.5,107.5,0.0,3.9,5.1,0.0,29.0,21.0,0.0,0.0,0.0,0.0
KJ Martin,1259.5,0.0,0.0,28.0,0.0,0.0,45.0,0.0,0.0,0.0,0.0,0.0
KZ Okpala,290.0,26.5,0.0,7.8,5.3,0.0,37.0,5.0,0.0,0.0,0.0,0.0
Karl-Anthony Towns,3368.0,2489.0,5397.0,67.4,71.1,70.1,50.0,35.0,77.0,169.0,172.0,0.0
Kawhi Leonard,3177.5,3656.5,3646.0,61.1,64.1,60.8,52.0,57.0,60.0,169.0,167.0,0.0
Keita Bates-Diop,235.0,733.0,421.0,7.8,16.7,14.0,30.0,44.0,30.0,0.0,0.0,0.0
Kelan Martin,398.5,435.0,0.0,11.4,14.0,0.0,35.0,31.0,0.0,0.0,0.0,0.0
Keldon Johnson,2198.5,375.5,0.0,31.9,22.1,0.0,69.0,17.0,0.0,0.0,0.0,0.0
Keljin Blevins,30.0,0.0,0.0,1.8,0.0,0.0,17.0,0.0,0.0,0.0,0.0,0.0
Kelly Olynyk,2689.5,1533.5,2012.5,38.4,22.9,25.5,70.0,67.0,79.0,1.0,1.0,0.0
Kelly Oubre Jr.,2002.5,2394.0,2354.0,36.4,42.8,34.1,55.0,56.0,69.0,28.0,1.0,0.0
Kemba Walker,1864.5,2543.0,4644.5,43.4,45.4,56.6,43.0,56.0,82.0,20.0,81.0,0.0
Kendrick Nunn,1796.0,2165.0,0.0,32.1,32.3,0.0,56.0,67.0,0.0,1.0,1.0,0.0
Kenrich Williams,1600.5,650.0,987.5,24.2,16.7,21.5,66.0,39.0,46.0,0.0,0.0,0.0
Kent Bazemore,1382.5,1527.0,1894.0,20.6,22.5,28.3,67.0,68.0,67.0,0.0,0.0,0.0
Kentavious Caldwell-Pope,1602.0,1472.5,1979.0,23.9,21.3,24.1,67.0,69.0,82.0,0.0,0.0,0.0
Kevin Durant,2296.0,0.0,4896.5,65.6,0.0,62.8,35.0,0.0,78.0,160.0,0.0,0.0
Kevin Huerter,2185.0,1830.0,1916.0,31.7,32.7,25.5,69.0,56.0,75.0,1.0,0.0,0.0
Kevin Knox II,362.0,975.5,1864.5,8.6,15.0,24.9,42.0,65.0,75.0,0.0,0.0,0.0
Kevin Love,799.5,2550.0,968.5,32.0,45.5,44.0,25.0,56.0,22.0,31.0,53.0,0.0
Kevin Porter Jr.,1052.0,1147.0,0.0,40.5,22.9,0.0,26.0,50.0,0.0,4.0,0.0,0.0
Kevon Looney,1186.5,264.0,1946.0,19.5,13.2,24.3,61.0,20.0,80.0,0.0,0.0,0.0
Khem Birch,1789.5,827.5,866.5,26.7,17.2,17.3,67.0,48.0,50.0,0.0,0.0,0.0
Khris Middleton,3395.0,2975.0,3292.0,49.9,48.0,42.8,68.0,62.0,77.0,76.0,41.0,0.0
Khyri Thomas,244.0,31.5,146.5,48.8,3.9,5.6,5.0,8.0,26.0,0.0,0.0,0.0
Killian Hayes,592.0,0.0,0.0,22.8,0.0,0.0,26.0,0.0,0.0,1.0,0.0,0.0
Killian Tillie,161.5,0.0,0.0,9.0,0.0,0.0,18.0,0.0,0.0,0.0,0.0,0.0
Kira Lewis Jr.,931.0,0.0,0.0,17.2,0.0,0.0,54.0,0.0,0.0,0.0,0.0,0.0
Klay Thompson,0.0,0.0,3412.0,0.0,0.0,43.7,0.0,0.0,78.0,0.0,0.0,0.0
Kris Dunn,20.0,1383.0,1718.0,5.0,27.1,37.3,4.0,51.0,46.0,0.0,0.0,0.0
Kristaps Porzingis,2222.0,3134.0,0.0,51.7,55.0,0.0,43.0,57.0,0.0,12.0,72.0,0.0
Kyle Anderson,2614.5,1471.0,1352.5,37.9,22.0,31.5,69.0,67.0,43.0,0.0,0.0,0.0
Kyle Guy,219.5,7.5,0.0,7.1,2.5,0.0,31.0,3.0,0.0,0.0,0.0,0.0
Kyle Kuzma,2215.0,1610.5,2688.5,32.6,26.4,38.4,68.0,61.0,70.0,3.0,3.0,0.0
Kyle Lowry,2280.0,3098.5,3253.5,49.6,53.4,50.1,46.0,58.0,65.0,40.0,33.0,0.0
Kyrie Irving,3452.0,1296.0,4206.0,63.9,64.8,62.8,54.0,20.0,67.0,80.0,88.0,0.0
LaMarcus Aldridge,872.5,2727.5,4641.5,33.6,51.5,57.3,26.0,53.0,81.0,51.0,70.0,0.0
LaMelo Ball,2355.5,0.0,0.0,46.2,0.0,0.0,51.0,0.0,0.0,18.0,0.0,0.0
Lamar Stevens,475.5,0.0,0.0,11.9,0.0,0.0,40.0,0.0,0.0,0.0,0.0,0.0
Landry Shamet,1172.5,1027.5,1513.0,19.2,19.4,19.2,61.0,53.0,79.0,0.0,0.0,0.0
Langston Galloway,382.5,1483.5,1407.5,9.6,22.5,17.6,40.0,66.0,80.0,0.0,0.0,0.0
Larry Nance Jr.,1204.5,1902.5,2616.0,34.4,34.0,39.0,35.0,56.0,67.0,3.0,3.0,0.0
Lauri Markkanen,1464.5,1642.0,2351.5,28.7,32.8,45.2,51.0,50.0,52.0,27.0,63.0,0.0
LeBron James,3010.5,5162.5,4156.5,66.9,77.1,75.6,45.0,67.0,55.0,200.0,165.0,0.0
Lonnie Walker IV,1346.0,935.0,122.5,22.4,15.3,7.2,60.0,61.0,17.0,0.0,0.0,0.0
Lonzo Ball,2350.5,2714.0,1671.0,42.7,43.1,35.6,55.0,63.0,47.0,49.0,4.0,0.0
Lou Williams,1727.0,2608.0,3291.5,26.2,40.1,43.9,66.0,65.0,75.0,7.0,30.0,0.0
Louis King,135.0,50.0,0.0,22.5,5.0,0.0,6.0,10.0,0.0,0.0,0.0,0.0
Luguentz Dort,1448.5,554.5,0.0,27.9,15.4,0.0,52.0,36.0,0.0,0.0,0.0,0.0
Luka Doncic,4713.5,4702.5,3922.0,71.4,77.1,54.5,66.0,61.0,72.0,194.0,120.0,0.0
Luka Samanic,299.0,49.5,0.0,9.1,16.5,0.0,33.0,3.0,0.0,0.0,0.0,0.0
Luke Kennard,1210.5,989.0,1338.0,19.2,35.3,21.2,63.0,28.0,63.0,11.0,0.0,0.0
Malachi Flynn,985.5,0.0,0.0,21.0,0.0,0.0,47.0,0.0,0.0,0.0,0.0,0.0
Malcolm Brogdon,2890.5,2477.0,2355.5,51.6,45.9,36.8,56.0,54.0,64.0,27.0,3.0,0.0
Malik Beasley,1419.5,1247.0,1884.0,38.4,22.7,23.3,37.0,55.0,81.0,0.0,0.0,0.0
Malik Fitts,7.0,0.0,0.0,2.3,0.0,0.0,3.0,0.0,0.0,0.0,0.0,0.0
Malik Monk,976.5,1225.0,1312.0,23.2,22.3,18.0,42.0,55.0,73.0,0.0,0.0,0.0
Mamadi Diakite,151.5,0.0,0.0,10.8,0.0,0.0,14.0,0.0,0.0,0.0,0.0,0.0
Marcus Morris Sr.,1577.5,2130.0,2363.5,27.7,34.4,31.5,57.0,62.0,75.0,3.0,1.0,0.0
Marcus Smart,1855.0,2243.5,2356.5,38.6,37.4,29.5,48.0,60.0,80.0,11.0,0.0,0.0
Markelle Fultz,282.0,2496.5,473.5,35.2,34.7,24.9,8.0,72.0,19.0,30.0,0.0,0.0
Markieff Morris,1078.5,1248.0,1370.0,17.7,21.5,23.6,61.0,58.0,58.0,0.0,0.0,0.0
Markus Howard,176.0,0.0,0.0,4.8,0.0,0.0,37.0,0.0,0.0,0.0,0.0,0.0
Marques Bolden,27.5,5.0,0.0,4.6,5.0,0.0,6.0,1.0,0.0,0.0,0.0,0.0
Marquese Chriss,40.0,1873.0,493.5,20.0,31.7,11.5,2.0,59.0,43.0,1.0,0.0,0.0
Marvin Bagley III,1539.0,473.0,2446.0,35.8,36.4,39.5,43.0,13.0,62.0,15.0,57.0,0.0
Mason Plumlee,2351.5,1557.0,2586.5,42.0,25.5,31.5,56.0,61.0,82.0,0.0,0.0,0.0
Matisse Thybulle,1176.0,1120.0,0.0,18.1,17.2,0.0,65.0,65.0,0.0,0.0,0.0,0.0
Matt Thomas,263.5,424.0,0.0,5.9,10.3,0.0,45.0,41.0,0.0,0.0,0.0,0.0
Maurice Harkless,591.5,1172.5,1520.0,16.0,18.9,25.3,37.0,62.0,60.0,0.0,0.0,0.0
Max Strus,448.5,9.5,0.0,11.5,4.8,0.0,39.0,2.0,0.0,0.0,0.0,0.0
Maxi Kleber,1116.5,1971.5,1605.5,22.3,26.6,22.6,50.0,74.0,71.0,0.0,0.0,0.0
Mfiondu Kabengele,277.5,87.0,0.0,7.1,7.2,0.0,39.0,12.0,0.0,0.0,0.0,0.0
Michael Carter-Williams,855.5,1038.5,510.0,27.6,23.1,18.2,31.0,45.0,28.0,0.0,0.0,0.0
Michael Porter Jr.,2785.5,1367.0,0.0,45.7,24.9,0.0,61.0,55.0,0.0,26.0,0.0,0.0
Mikal Bridges,2600.5,2003.5,2075.0,36.1,27.4,25.3,72.0,73.0,82.0,20.0,1.0,0.0
Mike Conley,2248.0,1565.0,3669.0,44.1,33.3,52.4,51.0,47.0,70.0,13.0,58.0,0.0
Mike Muscala,715.5,567.0,1214.5,20.4,12.1,19.0,35.0,47.0,64.0,0.0,0.0,0.0
Miles Bridges,2309.0,2040.5,1731.0,35.0,31.4,21.6,66.0,65.0,80.0,3.0,1.0,0.0
Mitchell Robinson,1088.0,2277.5,2289.5,35.1,37.3,34.7,31.0,61.0,66.0,24.0,61.0,0.0
Miye Oni,338.5,89.5,0.0,6.3,9.0,0.0,54.0,10.0,0.0,0.0,0.0,0.0
Mo Bamba,1181.0,1319.0,1020.0,25.7,21.3,21.7,46.0,62.0,47.0,0.0,0.0,0.0
Monte Morris,1258.5,1864.5,2356.5,26.8,25.5,28.7,47.0,73.0,82.0,0.0,0.0,0.0
Montrezl Harrell,2462.0,2940.0,3747.0,35.7,46.7,45.7,69.0,63.0,82.0,19.0,52.0,0.0
Moritz Wagner,804.0,1041.0,443.5,17.9,23.1,10.3,45.0,45.0,43.0,0.0,0.0,0.0
Moses Brown,1420.0,33.5,0.0,33.0,3.7,0.0,43.0,9.0,0.0,0.0,0.0,0.0
Mychal Mulder,651.0,142.5,0.0,10.8,20.4,0.0,60.0,7.0,0.0,0.0,0.0,0.0
Myles Turner,2009.5,2297.0,3283.0,42.8,37.0,44.4,47.0,62.0,74.0,22.0,65.0,0.0
Naji Marshall,778.0,0.0,0.0,24.3,0.0,0.0,32.0,0.0,0.0,0.0,0.0,0.0
Nassir Little,556.5,493.0,0.0,11.6,10.3,0.0,48.0,48.0,0.0,0.0,0.0,0.0
Nate Hinton,97.5,0.0,0.0,4.6,0.0,0.0,21.0,0.0,0.0,0.0,0.0,0.0
Nathan Knight,323.0,0.0,0.0,9.8,0.0,0.0,33.0,0.0,0.0,0.0,0.0,0.0
Naz Reid,2000.0,724.0,0.0,28.6,24.1,0.0,70.0,30.0,0.0,0.0,0.0,0.0
Nemanja Bjelica,659.0,2525.0,2311.0,17.8,35.1,30.0,37.0,72.0,77.0,1.0,0.0,0.0
Nerlens Noel,1828.0,1682.0,1649.0,28.6,27.6,21.4,64.0,61.0,77.0,0.0,0.0,0.0
Nick Richards,33.5,0.0,0.0,1.9,0.0,0.0,18.0,0.0,0.0,0.0,0.0,0.0
Nickeil Alexander-Walker,1185.5,629.5,0.0,25.8,13.4,0.0,46.0,47.0,0.0,0.0,0.0,0.0
Nicolas Batum,1759.0,424.0,2211.0,26.3,19.3,29.5,67.0,22.0,75.0,0.0,0.0,0.0
Nicolas Claxton,799.5,214.5,0.0,25.0,14.3,0.0,32.0,15.0,0.0,0.0,0.0,0.0
Nikola Jokic,6155.5,4834.5,5606.5,85.5,66.2,70.1,72.0,73.0,80.0,194.0,182.0,0.0
Nikola Vucevic,4640.5,3686.5,5308.5,66.3,59.5,66.4,70.0,62.0,80.0,137.0,120.0,0.0
Norman Powell,2508.5,1756.0,1165.0,36.4,33.8,19.4,69.0,52.0,60.0,5.0,0.0,0.0
OG Anunoby,1707.0,2136.5,1126.0,39.7,31.0,16.8,43.0,69.0,67.0,10.0,0.0,0.0
Obi Toppin,660.5,0.0,0.0,10.7,0.0,0.0,62.0,0.0,0.0,1.0,0.0,0.0
Onyeka Okongwu,784.5,0.0,0.0,15.7,0.0,0.0,50.0,0.0,0.0,0.0,0.0,0.0
Oshae Brissett,683.5,99.5,0.0,32.5,5.2,0.0,21.0,19.0,0.0,0.0,0.0,0.0
Otto Porter Jr.,726.5,402.0,2082.5,25.9,28.7,37.2,28.0,14.0,56.0,19.0,21.0,0.0
P.J. Tucker,768.5,1833.5,2086.5,14.8,25.5,25.4,52.0,72.0,82.0,1.0,0.0,0.0
P.J. Washington,2424.0,1850.0,0.0,37.9,31.9,0.0,64.0,58.0,0.0,0.0,0.0,0.0
PJ Dozier,1044.5,461.5,75.0,20.9,15.9,12.5,50.0,29.0,6.0,0.0,0.0,0.0
Pascal Siakam,3019.5,3161.0,3609.0,53.9,52.7,45.1,56.0,60.0,80.0,150.0,52.0,0.0
Pat Connaughton,1407.5,1200.5,1347.0,20.4,17.9,22.1,69.0,67.0,61.0,0.0,0.0,0.0
Patrick Beverley,850.0,1503.5,2284.0,23.0,29.5,29.3,37.0,51.0,78.0,0.0,0.0,0.0
Patrick Patterson,485.5,683.0,610.5,12.8,11.6,9.7,38.0,59.0,63.0,0.0,0.0,0.0
Patrick Williams,1792.0,0.0,0.0,25.2,0.0,0.0,71.0,0.0,0.0,0.0,0.0,0.0
Patty Mills,1538.5,1554.5,1936.0,22.6,23.6,23.6,68.0,66.0,82.0,0.0,0.0,0.0
Paul George,2923.0,2297.0,5022.5,54.1,47.9,65.2,54.0,48.0,77.0,104.0,97.0,0.0
Paul Millsap,1505.5,1618.0,2684.0,26.9,31.7,38.3,56.0,51.0,70.0,3.0,2.0,0.0
Paul Reed,319.0,0.0,0.0,12.3,0.0,0.0,26.0,0.0,0.0,0.0,0.0,0.0
Paul Watson,263.5,89.5,0.0,9.8,9.0,0.0,27.0,10.0,0.0,0.0,0.0,0.0
Payton Pritchard,1247.5,0.0,0.0,18.9,0.0,0.0,66.0,0.0,0.0,0.0,0.0,0.0
Precious Achiuwa,908.0,0.0,0.0,14.9,0.0,0.0,61.0,0.0,0.0,0.0,0.0,0.0
Quinn Cook,172.5,469.5,1167.0,7.5,10.7,15.8,23.0,44.0,74.0,0.0,0.0,0.0
R.J. Hampton,933.0,0.0,0.0,18.3,0.0,0.0,51.0,0.0,0.0,0.0,0.0,0.0
RJ Barrett,2803.0,1740.0,0.0,38.9,31.1,0.0,72.0,56.0,0.0,17.0,11.0,0.0
Rajon Rondo,936.0,1188.5,1858.0,20.8,24.8,40.4,45.0,48.0,46.0,0.0,1.0,0.0
Raul Neto,1484.0,700.0,563.5,23.2,13.0,15.2,64.0,54.0,37.0,0.0,0.0,0.0
Reggie Bullock,1589.0,543.5,1515.5,24.4,18.7,24.1,65.0,29.0,63.0,0.0,0.0,0.0
Reggie Jackson,1748.0,897.0,2756.0,26.1,28.9,33.6,67.0,31.0,82.0,0.0,0.0,0.0
Reggie Perry,259.0,0.0,0.0,10.0,0.0,0.0,26.0,0.0,0.0,0.0,0.0,0.0
Richaun Holmes,2822.5,1810.0,1858.0,46.3,41.1,26.5,61.0,44.0,70.0,11.0,0.0,0.0
Ricky Rubio,2227.5,3161.0,2500.5,32.8,48.6,36.8,68.0,65.0,68.0,28.0,125.0,0.0
Robert Covington,2180.5,2484.0,1306.5,31.2,35.5,37.3,70.0,70.0,35.0,27.0,8.0,0.0
Robert Williams III,1822.5,638.5,421.5,35.0,22.0,13.2,52.0,29.0,32.0,0.0,0.0,0.0
Robert Woodard II,58.5,0.0,0.0,4.5,0.0,0.0,13.0,0.0,0.0,0.0,0.0,0.0
Robin Lopez,1648.0,916.5,1888.5,23.2,13.9,25.5,71.0,66.0,74.0,0.0,0.0,0.0
Rodney Hood,595.0,533.5,1733.0,10.8,25.4,24.1,55.0,21.0,72.0,0.0,0.0,0.0
Rodney McGruder,220.5,566.0,1292.5,13.8,10.1,19.6,16.0,56.0,66.0,0.0,0.0,0.0
Romeo Langford,167.5,217.0,0.0,9.3,6.8,0.0,18.0,32.0,0.0,0.0,0.0,0.0
Royce O'Neale,1875.0,1683.0,1350.5,26.4,23.7,16.5,71.0,71.0,82.0,0.0,0.0,0.0
Rudy Gay,1721.0,1822.0,2538.5,27.3,27.2,36.8,63.0,67.0,69.0,1.0,1.0,0.0
Rudy Gobert,4108.0,3893.5,5049.5,57.9,57.3,62.3,71.0,68.0,81.0,88.0,93.0,0.0
Rui Hachimura,1747.5,1581.0,0.0,30.7,32.9,0.0,57.0,48.0,0.0,5.0,0.0,0.0
Russell Westbrook,5442.5,3899.0,5936.0,83.7,68.4,81.3,65.0,57.0,73.0,196.0,160.0,0.0
Ryan Arcidiacono,401.5,740.0,1763.5,9.1,12.8,21.8,44.0,58.0,81.0,0.0,0.0,0.0
Saben Lee,967.0,0.0,0.0,20.1,0.0,0.0,48.0,0.0,0.0,0.0,0.0,0.0
Saddiq Bey,1873.0,0.0,0.0,26.8,0.0,0.0,70.0,0.0,0.0,0.0,0.0,0.0
Sam Dekker,0.0,0.0,811.5,0.0,0.0,17.3,0.0,0.0,47.0,0.0,0.0,0.0
Sam Merrill,223.5,0.0,0.0,7.4,0.0,0.0,30.0,0.0,0.0,0.0,0.0,0.0
Sean McDermott,94.0,0.0,0.0,5.2,0.0,0.0,18.0,0.0,0.0,0.0,0.0,0.0
Sekou Doumbouya,672.0,537.5,0.0,12.0,14.1,0.0,56.0,38.0,0.0,0.0,0.0,0.0
Semi Ojeleye,623.0,627.0,418.5,11.1,9.1,7.5,56.0,69.0,56.0,0.0,0.0,0.0
Serge Ibaka,1371.0,2245.5,3132.5,33.4,40.8,42.3,41.0,55.0,74.0,19.0,4.0,0.0
Seth Curry,1598.0,1670.5,1180.5,28.0,26.1,16.0,57.0,64.0,74.0,8.0,0.0,0.0
Shai Gilgeous-Alexander,1907.0,3190.0,2438.5,54.5,45.6,29.7,35.0,70.0,82.0,93.0,2.0,0.0
Shake Milton,1793.0,901.5,245.0,28.5,22.5,12.2,63.0,40.0,20.0,0.0,0.0,0.0
Shaquille Harrison,256.0,678.0,1520.5,7.5,15.8,20.8,34.0,43.0,73.0,0.0,0.0,0.0
Skylar Mays,325.5,0.0,0.0,9.9,0.0,0.0,33.0,0.0,0.0,0.0,0.0,0.0
Solomon Hill,943.5,955.0,594.0,13.3,16.2,13.5,71.0,59.0,44.0,0.0,0.0,0.0
Spencer Dinwiddie,62.0,3043.0,2444.5,20.7,47.5,35.9,3.0,64.0,68.0,9.0,0.0,0.0
Stanley Johnson,888.5,172.0,1124.5,14.6,6.9,17.0,61.0,25.0,66.0,0.0,0.0,0.0
Stephen Curry,4116.5,249.0,4059.0,65.3,49.8,58.8,63.0,5.0,69.0,157.0,181.0,0.0
Sterling Brown,1129.0,720.5,958.0,22.1,13.9,16.5,51.0,52.0,58.0,0.0,0.0,0.0
Steven Adams,1955.5,2635.5,3800.5,33.7,41.8,47.5,58.0,63.0,80.0,17.0,30.0,0.0
Svi Mykhailiuk,1222.5,1088.5,297.5,18.5,19.4,7.1,66.0,56.0,42.0,0.0,0.0,0.0
T.J. McConnell,2623.5,1842.0,1694.0,38.0,25.9,22.3,69.0,71.0,76.0,0.0,0.0,0.0
T.J. Warren,116.5,2801.5,1655.0,29.1,41.8,38.5,4.0,67.0,43.0,34.0,2.0,0.0
Tacko Fall,218.5,69.0,0.0,11.5,9.9,0.0,19.0,7.0,0.0,0.0,0.0,0.0
Taj Gibson,1053.5,1197.0,2276.5,23.4,19.3,32.5,45.0,62.0,70.0,0.0,0.0,0.0
Talen Horton-Tucker,1563.5,86.5,0.0,24.1,14.4,0.0,65.0,6.0,0.0,0.0,0.0,0.0
Taurean Prince,963.0,1807.5,1584.0,23.5,28.2,28.8,41.0,64.0,55.0,0.0,1.0,0.0
Terance Mann,1332.5,363.0,0.0,19.9,8.9,0.0,67.0,41.0,0.0,0.0,0.0,0.0
Terence Davis,1169.5,1370.0,0.0,19.2,19.0,0.0,61.0,72.0,0.0,0.0,0.0,0.0
Terrence Ross,1489.5,1980.5,2482.5,32.4,28.7,30.6,46.0,69.0,81.0,0.0,1.0,0.0
Terry Rozier,3212.0,2511.5,2006.0,46.6,39.9,25.4,69.0,63.0,79.0,2.0,12.0,0.0
Thaddeus Young,2738.5,1795.5,3104.5,40.3,28.1,38.3,68.0,64.0,81.0,0.0,2.0,0.0
Thanasis Antetokounmpo,551.0,151.0,0.0,9.7,7.6,0.0,57.0,20.0,0.0,7.0,0.0,0.0
Theo Maledon,1581.0,0.0,0.0,24.3,0.0,0.0,65.0,0.0,0.0,0.0,0.0,0.0
Theo Pinson,1.0,327.0,172.0,0.1,9.9,9.6,17.0,33.0,18.0,0.0,0.0,0.0
Thomas Bryant,371.0,1835.5,2323.5,37.1,39.9,32.3,10.0,46.0,72.0,21.0,27.0,0.0
Tim Hardaway Jr.,2195.5,2159.0,2212.5,31.4,30.4,34.0,70.0,71.0,65.0,25.0,0.0,0.0
Timothe Luwawu-Cabarrot,825.0,742.5,522.5,14.2,15.8,10.4,58.0,47.0,50.0,0.0,0.0,0.0
Tobias Harris,3089.0,3367.0,3824.5,49.8,46.8,46.6,62.0,72.0,82.0,40.0,30.0,0.0
Tomas Satoransky,1495.5,2137.5,2520.5,25.8,32.9,31.5,58.0,65.0,80.0,1.0,1.0,0.0
Tony Bradley,1018.0,1012.0,69.5,24.2,17.4,23.2,42.0,58.0,3.0,0.0,0.0,0.0
Tony Snell,702.0,1196.5,1085.0,14.9,20.3,14.7,47.0,59.0,74.0,0.0,0.0,0.0
Torrey Craig,928.5,983.5,1339.5,18.6,17.0,17.9,50.0,58.0,75.0,0.0,0.0,0.0
Trae Young,3961.5,4106.5,4067.5,62.9,68.4,50.2,63.0,60.0,81.0,170.0,90.0,0.0
Tre Jones,263.0,0.0,0.0,7.1,0.0,0.0,37.0,0.0,0.0,0.0,0.0,0.0
Tremont Waters,312.0,101.5,0.0,12.0,9.2,0.0,26.0,11.0,0.0,0.0,0.0,0.0
Trent Forrest,289.0,0.0,0.0,9.6,0.0,0.0,30.0,0.0,0.0,0.0,0.0,0.0
Trevor Ariza,816.5,1244.5,2377.5,27.2,23.5,34.5,30.0,53.0,69.0,0.0,0.0,0.0
Trey Burke,900.5,633.0,1438.0,14.5,19.2,24.8,62.0,33.0,58.0,0.0,0.0,0.0
Trey Lyles,310.5,1305.0,1265.5,13.5,20.7,19.8,23.0,63.0,64.0,0.0,0.0,0.0
Tristan Thompson,1499.0,2445.5,1743.0,27.8,42.9,40.5,54.0,57.0,43.0,4.0,1.0,0.0
Troy Brown Jr.,425.0,2081.5,735.0,12.5,30.2,14.1,34.0,69.0,52.0,0.0,0.0,0.0
Ty Jerome,888.0,305.5,0.0,26.9,9.9,0.0,33.0,31.0,0.0,0.0,0.0,0.0
Tyler Bey,53.5,0.0,0.0,3.0,0.0,0.0,18.0,0.0,0.0,0.0,0.0,0.0
Tyler Cook,398.0,61.5,0.0,12.4,4.7,0.0,32.0,13.0,0.0,0.0,0.0,0.0
Tyler Herro,1901.0,1546.0,0.0,35.2,28.1,0.0,54.0,55.0,0.0,38.0,2.0,0.0
Tyrell Terry,41.0,0.0,0.0,3.7,0.0,0.0,11.0,0.0,0.0,0.0,0.0,0.0
Tyrese Haliburton,2274.5,0.0,0.0,39.2,0.0,0.0,58.0,0.0,0.0,0.0,0.0,0.0
Tyrese Maxey,1153.5,0.0,0.0,18.9,0.0,0.0,61.0,0.0,0.0,0.0,0.0,0.0
Tyus Jones,1556.0,1601.5,1829.0,22.2,24.6,26.9,70.0,65.0,68.0,0.0,0.0,0.0
Udoka Azubuike,52.5,0.0,0.0,3.5,0.0,0.0,15.0,0.0,0.0,0.0,0.0,0.0
Udonis Haslem,8.0,33.0,64.5,8.0,8.2,6.4,1.0,4.0,10.0,0.0,0.0,0.0
Vernon Carey Jr.,116.5,0.0,0.0,6.1,0.0,0.0,19.0,0.0,0.0,0.0,0.0,0.0
Victor Oladipo,1444.0,559.0,1712.5,43.8,29.4,47.6,33.0,19.0,36.0,28.0,1.0,0.0
Vlatko Cancar,224.5,45.5,0.0,5.5,3.2,0.0,41.0,14.0,0.0,0.0,0.0,0.0
Wayne Ellington,906.5,424.0,1127.0,19.7,11.8,21.3,46.0,36.0,53.0,0.0,0.0,0.0
Wayne Selden,0.0,0.0,1173.5,0.0,0.0,15.6,0.0,0.0,75.0,0.0,0.0,0.0
Wendell Carter Jr.,1958.0,1649.5,1494.5,36.3,38.4,34.0,54.0,43.0,44.0,28.0,1.0,0.0
Wenyen Gabriel,226.5,206.0,0.0,10.8,6.9,0.0,21.0,30.0,0.0,0.0,0.0,0.0
Wes Iwundu,286.5,788.0,952.0,7.0,15.2,14.0,41.0,52.0,68.0,0.0,0.0,0.0
Will Barton,1745.5,2386.5,1219.5,31.2,41.1,28.4,56.0,58.0,43.0,2.0,0.0,0.0
Willie Cauley-Stein,1001.5,1510.5,3320.0,18.9,28.0,41.0,53.0,54.0,81.0,1.0,1.0,0.0
Willy Hernangomez,1321.0,540.0,1240.5,28.1,17.4,21.4,47.0,31.0,58.0,0.0,0.0,0.0
Xavier Tillman Sr.,1294.0,0.0,0.0,21.9,0.0,0.0,59.0,0.0,0.0,0.0,0.0,0.0
Yuta Watanabe,715.5,103.0,99.5,14.3,5.7,6.6,50.0,18.0,15.0,0.0,0.0,0.0
Zach Collins,0.0,251.0,1516.0,0.0,22.8,19.7,0.0,11.0,77.0,0.0,1.0,0.0
Zach LaVine,3233.0,3092.5,3044.0,55.7,51.5,48.3,58.0,60.0,63.0,69.0,81.0,0.0
Zeke Nnaji,325.0,0.0,0.0,7.7,0.0,0.0,42.0,0.0,0.0,0.0,0.0,0.0
Zion Williamson,3805.0,1132.0,0.0,62.4,47.2,0.0,61.0,24.0,0.0,95.0,37.0,0.0
Zylan Cheatham,0.0,37.5,0.0,0.0,9.4,0.0,0.0,4.0,0.0,0.0,0.0,0.0
